role,plan,action,outcome,granted_by
none,hobby,view,forbidden,
none,hobby,set,forbidden,
none,hobby,disable,forbidden,
none,pro,view,forbidden,
none,pro,set,forbidden,
none,pro,disable,forbidden,
owner,hobby,view,allowed,UserIsProjectAdmin
owner,hobby,set,payment_required,
owner,hobby,disable,allowed,
owner,pro,view,allowed,UserIsProjectAdmin
owner,pro,set,allowed,
owner,pro,disable,allowed,
member,hobby,view,allowed,UserIsProjectAdmin
member,hobby,set,payment_required,
member,hobby,disable,allowed,
member,pro,view,allowed,UserIsProjectAdmin
member,pro,set,allowed,
member,pro,disable,allowed,
viewer,hobby,view,allowed,UserHasProjectAccess
viewer,hobby,set,forbidden,
viewer,hobby,disable,forbidden,
viewer,pro,view,allowed,UserHasProjectAccess
viewer,pro,set,forbidden,
viewer,pro,disable,forbidden,
